name,district,name,address
台北市,中正區,台北北門郵局,台北市中正區忠孝西路1段114號
台北市,中正區,台北東門郵局,台北市中正區新生南路1段162、164號1樓
台北市,中正區,台北南海郵局,台北市中正區重慶南路2段43號
台北市,中正區,台北螢橋郵局,台北市中正區廈門街76號
台北市,中正區,台北復興橋郵局,台北市中正區忠孝西路1段1號
台北市,中正區,行政院郵局,台北市中正區北平東路2號(行政院內)
台北市,中正區,國史館郵局,台北市中正區博愛路168號之1
台北市,中正區,總統府郵局,台北市中正區重慶南路1段122號(總統府內)
台北市,中正區,台北法院郵局,台北市中正區博愛路127號(司法大廈內)
台北市,中正區,立法院郵局,台北市中正區濟南路1段1號
台北市,中正區,台北古亭郵局,台北市中正區南昌路2段232號
台北市,中正區,台北南陽郵局,台北市中正區信陽街8號
台北市,中正區,台北重南郵局,台北市中正區忠孝西路1段120號
台北市,中正區,台北小南門郵局,台北市中正區廣州街15號
台北市,中正區,台北史博館郵局,台北市中正區南海路49號(歷史博物館)
台北市,中正區,台北火車站郵局,台北市中正區北平西路3號(台北火車站內)
台北市,中正區,台北汀州郵局,台北市中正區汀州路3段301號
台北市,中正區,台北龍口郵局,台北市中正區和平西路2段68號
台北市,中正區,台北杭南郵局,台北市中正區杭州南路1段23號之3
台北市,中正區,台北中正堂郵局,台北市中正區中山南路21號(中正紀念堂內)
台北市,中正區,監察院郵局,台北市中正區忠孝東路1段2號(監察院東側，面向鎮江街)
台北市,中正區,台北中山堂郵局,台北市中正區秀山街1號
台北市,中正區,台北南門郵局,台北市中正區廣州街2號
台北市,中正區,台大醫院郵局,台北市中正區中山南路7號(台大醫院內)
台北市,中正區,台北中聯郵局,台北市中正區徐州路5號地下一樓(中央聯合辦公大樓內)
台北市,中正區,國防後備部郵局,台北市中正區博愛路172號
台北市,中正區,台北仁杭郵局,台北市中正區杭州南路１段24號1樓(交通部大樓國際會議廳)
台北市,大同區,台北迪化街郵局,台北市大同區迪化街1段38號
台北市,大同區,台北圓環郵局,台北市大同區重慶北路2段15號
台北市,大同區,台北台北橋郵局,台北市大同區民權西路246號
台北市,大同區,台北大同郵局,台北市大同區承德路3段83號
台北市,大同區,台北大龍峒郵局,台北市大同區重慶北路3段338號
台北市,大同區,台北保安郵局,台北市大同區重慶北路2段183號
台北市,中山區,台北中山郵局,台北市中山區中山北路1段142號
台北市,中山區,台北雙連郵局,台北市中山區中山北路2段96號
台北市,中山區,台北建北郵局,台北市中山區建國北路2段33號
台北市,中山區,台北中崙郵局,台北市中山區復興北路40號
台北市,中山區,台北大直郵局,台北市中山區北安路518巷14弄18、20號
台北市,中山區,台北長安郵局,台北市中山區長安東路2段97號
台北市,中山區,台北松江路郵局,台北市中山區松江路364號
台北市,中山區,台北圓山郵局,台北市中山區林森北路573號
台北市,中山區,台北長春路郵局,台北市中山區長春路129號之2
台北市,中山區,台北民權郵局,台北市中山區民權西路22號
台北市,中山區,台北北安郵局,台北市中山區北安路630巷10號
台北市,中山區,台北興安郵局,台北市中山區復興北路210、212號
台北市,中山區,台北龍江路郵局,台北市中山區民族東路512巷23號
台北市,松山區,台北松山郵局,台北市松山區八德路4段626號
台北市,松山區,台北光復郵局,台北市松山區八德路3段240號
台北市,松山區,松山機場郵局,台北市松山區敦化北路340-9號(松山機場內)
台北市,松山區,台北西松郵局,台北市松山區南京東路5段311號
台北市,松山區,台北延壽郵局,台北市松山區民生東路5段12號
台北市,松山區,台北軍機場郵局,台北市松山區民權東路4段121號(軍用機場內)
台北市,松山區,台北體育場郵局,台北市松山區儲匯：南京東路3段346號,郵務：南京東路3段346號後棟
台北市,松山區,台北民生郵局,台北市松山區民生東路5段191號
台北市,松山區,台北榮星郵局,台北市松山區民權東路3段124之1、2號
台北市,松山區,台北台塑郵局,台北市松山區民生東路4段54號
台北市,大安區,台北青田郵局,台北市大安區和平東路1段155號
台北市,大安區,台北公館郵局,台北市大安區台北捷運公館站第3出入口B1
台北市,大安區,台北師大郵局,台北市大安區和平東路1段162號(師範大學內)
台北市,大安區,台大郵局,台北市大安區羅斯福路4段1號(台灣大學內)
台北市,大安區,台北仁愛路郵局,台北市大安區仁愛路3段47號
台北市,大安區,台北信維郵局,台北市大安區信義路4段74號
台北市,大安區,台北光華郵局,台北市大安區新生北路1段7之2號
台北市,大安區,台北三張犁郵局,台北市大安區信義路4段337號
台北市,大安區,台北成功郵局,台北市大安區四維路198巷38弄12號
台北市,大安區,台北光武郵局,台北市大安區大安路1段52巷16號
台北市,大安區,台北六張犁郵局,台北市大安區和平東路3段208號
台北市,大安區,台北正義郵局,台北市大安區忠孝東路3段150、152、154號
台北市,大安區,台灣科大郵局,台北市大安區基隆路4段43號(台灣科技大學內)
台北市,大安區,台北金南郵局,台北市大安區愛國東路216號
台北市,大安區,台北安和郵局,台北市大安區安和路2段61、63號
台北市,大安區,台北敦南郵局,台北市大安區忠孝東路4段170巷9號
台北市,大安區,台北大安郵局,台北市大安區信義路3段89號
台北市,萬華區,台北漢中街郵局,台北市萬華區漢中街173號
台北市,萬華區,台北西園郵局,台北市萬華區長沙街2段156、158、160、162號
台北市,萬華區,台北龍山郵局,台北市萬華區廣州街67號
台北市,萬華區,台北東園郵局,台北市萬華區東園街148、150號
台北市,萬華區,台北莒光郵局,台北市萬華區莒光路210號
台北市,萬華區,台北老松郵局,台北市萬華區桂林路51號
台北市,萬華區,台北萬大路郵局,台北市萬華區萬大路524號
台北市,萬華區,台北華江橋郵局,台北市萬華區和平西路3段310號
台北市,萬華區,台北青年郵局,台北市萬華區國興路34、36、38號
台北市,信義區,台北市府郵局,台北市信義區市府路1號地下2樓(台北市政府內)
台北市,信義區,台北五分埔郵局,台北市信義區松德路300號
台北市,信義區,台北吳興郵局,台北市信義區莊敬路418號之1
台北市,信義區,台北永吉郵局,台北市信義區永吉路168號1樓
台北市,信義區,台北逸仙郵局,台北市信義區逸仙路46號
台北市,信義區,台北永春郵局,台北市信義區忠孝東路5段464、466號
台北市,信義區,台北世貿郵局,台北市信義區信義路5段5號(世貿中心內)
台北市,信義區,台北信義郵局,台北市信義區松廉路76號(信義投遞中心)
台北市,士林區,士林郵局,台北市士林區文林路162號
台北市,士林區,士林社子郵局,台北市士林區延平北路5段150號
台北市,士林區,士林天母郵局,台北市士林區中山北路7段130號
台北市,士林區,故宮郵局,台北市士林區外雙溪(故宮博物院)
台北市,士林區,士林中正路郵局,台北市士林區中正路420號
台北市,士林區,士林後港郵局,台北市士林區福港街149巷2號
台北市,士林區,士林蘭雅郵局,台北市士林區忠誠路1段52號
台北市,士林區,東吳大學郵局,台北市士林區臨溪路70號(東吳大學內)
台北市,士林區,士林芝山郵局,台北市士林區德行東路252、254、256號
台北市,士林區,士林法院郵局,台北市士林區士東路190號(士林地方法院內)
台北市,士林區,士林外雙溪郵局,台北市士林區明溪街15號
台北市,士林區,士林劍潭郵局,台北市士林區基河路14號
台北市,士林區,文化大學郵局,台北市士林區華岡路55號
台北市,士林區,士林社新里郵局,台北市士林區延平北路6段197號
台北市,士林區,士林名山里郵局,台北市士林區至誠路2段70號
台北市,北投區,陽明山郵局,台北市北投區紗帽路139之1號
台北市,北投區,北投郵局,台北市北投區光明路181號
台北市,北投區,北投復興崗郵局,台北市北投區中央北路2段70號
台北市,北投區,北投石牌郵局,台北市北投區石牌路2段93-2號
台北市,北投區,北投關渡郵局,台北市北投區知行路293巷9弄11號
台北市,北投區,北投舊北投郵局,台北市北投區中央南路1段201號
台北市,北投區,北投榮總郵局,台北市北投區石牌路2段201號
台北市,北投區,北投文林郵局,台北市北投區文林北路96號
台北市,北投區,北投山腳郵局,台北市北投區中和街408號
台北市,北投區,北投實踐郵局,台北市北投區實踐街48巷11號
台北市,北投區,北投致遠郵局,台北市北投區致遠一路1段121號
台北市,北投區,北投文化郵局,台北市北投區文化三路8號
台北市,北投區,北投明德郵局,台北市北投區明德路210號
台北市,北投區,北投尊賢郵局,台北市北投區尊賢街247-4號
台北市,北投區,北投奇岩郵局,台北市北投區公館路271號
台北市,北投區,北投豐年郵局,台北市北投區中央北路2段329號
台北市,北投區,北投一德郵局,台北市北投區中央北路4段529號
台北市,北投區,陽明大學郵局,台北市北投區立農街2段155號
台北市,內湖區,內湖郵局,台北市內湖區民權東路6段83號
台北市,內湖區,內湖碧湖郵局,台北市內湖區內湖路2段225號
台北市,內湖區,內湖週美郵局,台北市內湖區新明路380巷4弄4號
台北市,內湖區,內湖文德郵局,台北市內湖區文德路26號
台北市,內湖區,內湖金龍郵局,台北市內湖區內湖路3段131號
台北市,內湖區,內湖西湖郵局,台北市內湖區內湖路1段331號
台北市,內湖區,內湖東湖郵局,台北市內湖區康樂街16號
台北市,內湖區,內湖大湖郵局,台北市內湖區大湖街166巷2號
台北市,內湖區,內湖江南郵局,台北市內湖區瑞光路316巷1號
台北市,內湖區,內湖北勢湖郵局,台北市內湖區內湖路1段91巷2-1號
台北市,內湖區,內湖新明郵局,台北市內湖區新明路315號
台北市,內湖區,內湖康寧郵局,台北市內湖區康寧路3段22號之1
台北市,內湖區,內湖三總郵局,台北市內湖區成功路2段325號2樓
台北市,南港區,南港昆陽郵局,台北市南港區忠孝東路6段400、402、404、406號
台北市,南港區,中研院郵局,台北市南港區研究院路2段108號
台北市,南港區,南港聯勤郵局,台北市南港區忠孝東路6段360號
台北市,南港區,南港港三郵局,台北市南港區南港路3段184號
台北市,南港區,南港富康郵局,台北市南港區研究院路1段44號
台北市,南港區,南港同德郵局,台北市南港區同德路85巷2號
台北市,南港區,南港郵局,台北市南港區南港路2段78號
台北市,南港區,南港福德郵局,台北市南港區福德街314、316號
台北市,南港區,南港後山埤郵局,台北市南港區忠孝東路5段994號
台北市,南港區,南港軟體園區郵局,台北市南港區園區街3-2號H棟1樓
台北市,文山區,文山景美郵局,台北市文山區羅斯福路6段389號
台北市,文山區,文山興隆路郵局,台北市文山區興隆路2段171號
台北市,文山區,文山武功郵局,台北市文山區羅斯福路5段147號
台北市,文山區,文山萬盛郵局,台北市文山區汀州路4段88號(師大分部內)
台北市,文山區,文山萬芳郵局,台北市文山區興隆路3段178、180號
台北市,文山區,木柵郵局,台北市文山區木柵路3段27號
台北市,文山區,文山指南郵局,台北市文山區指南路2段115號
台北市,文山區,文山溝子口郵局,台北市文山區木柵路1段119號
台北市,文山區,文山木新郵局,台北市文山區木新路3段329號
台北市,文山區,世新大學郵局,台北市文山區木柵路1段17巷1號
台北市,文山區,文山樟腳里郵局,台北市文山區木新路3段25號
台北市,文山區,政大郵局,台北市文山區指南路2段64號(國立政治大學藝文中心內)
台北市,文山區,文山萬美街郵局,台北市文山區萬美街1段51號
新北市,萬里區,萬里郵局,新北市萬里區瑪鋉路48號
新北市,金山區,金山郵局,新北市金山區中山路97號
新北市,板橋區,板橋文化路郵局,新北市板橋區文化路1段395號
新北市,板橋區,板橋大觀路郵局,新北市板橋區大觀路1段47號
新北市,板橋區,板橋後埔郵局,新北市板橋區實踐路128號
新北市,板橋區,板橋埔墘郵局,新北市板橋區中山路2段109號
新北市,板橋區,板橋莒光郵局,新北市板橋區莒光路213號
新北市,板橋區,板橋站前郵局,新北市板橋區府中路16號
新北市,板橋區,板橋民族路郵局,新北市板橋區民族路263號
新北市,板橋區,板橋中正路郵局,新北市板橋區中正路35號
新北市,板橋區,板橋南雅郵局,新北市板橋區南雅南路1段123號
新北市,板橋區,板橋國慶郵局,新北市板橋區國慶路132號
新北市,板橋區,板橋新海郵局,新北市板橋區裕民街135號
新北市,板橋區,板橋八甲郵局,新北市板橋區四川路2段123號1樓
新北市,板橋區,板橋光復橋郵局,新北市板橋區中山路2段422-13號
新北市,板橋區,板橋海山郵局,新北市板橋區漢生東路171號
新北市,板橋區,板橋港尾郵局,新北市板橋區中正路332號
新北市,板橋區,板橋江翠郵局,新北市板橋區仁化街40-1號
新北市,板橋區,板橋漢生郵局,新北市板橋區國光路205號
新北市,板橋區,板橋三民路郵局,新北市板橋區三民路1段120號
新北市,板橋區,板橋浮洲郵局,新北市板橋區大觀路2段313號
新北市,板橋區,台北縣政府郵局,新北市板橋區中山路1段161號B1
新北市,板橋區,板橋溪崑郵局,新北市板橋區金門街278號
新北市,汐止區,汐止郵局,新北市汐止區大同路2段393號
新北市,汐止區,汐止保長坑郵局,新北市汐止區大同路3段188-1號
新北市,汐止區,汐止樟樹灣郵局,新北市汐止區大同路1段322號
新北市,汐止區,汐止社后郵局,新北市汐止區康寧街426號
新北市,汐止區,汐止龍安郵局,新北市汐止區龍安路42號
新北市,汐止區,汐止厚德郵局,新北市汐止區樟樹一路224號
新北市,汐止區,汐止翠柏郵局,新北市汐止區永春一路5號
新北市,汐止區,汐止南昌郵局,新北市汐止區新昌路72號
新北市,深坑區,深坑郵局,新北市深坑區北深路3段30號
新北市,深坑區,深坑草地尾郵局,新北市深坑區北深路3段264號之1
新北市,石碇區,石碇郵局,新北市石碇區石崁22號
新北市,石碇區,石碇華梵大學郵局,新北市石碇區豐田村華梵路1號
新北市,瑞芳區,瑞芳郵局,新北市瑞芳區中正路13號
新北市,瑞芳區,瑞芳九份郵局,新北市瑞芳區基山街84號
新北市,瑞芳區,瑞芳四腳亭郵局,新北市瑞芳區大埔路132-1號
新北市,瑞芳區,瑞芳金瓜石郵局,新北市瑞芳區金光路51-1號
新北市,平溪區,平溪郵局,新北市平溪區平溪街42號
新北市,雙溪區,雙溪郵局,新北市雙溪區太平路81號
新北市,貢寮區,貢寮郵局,新北市貢寮區貢寮街50號
新北市,貢寮區,貢寮澳底郵局,新北市貢寮區仁和路230號
新北市,新店區,新店郵局,新北市新店區北新路2段177號
新北市,新店區,新店頂城郵局,新北市新店區安康路1段50-1號
新北市,新店區,新店龜山郵局,新北市新店區新烏路2段392、394號
新北市,新店區,新店五城郵局,新北市新店區錦秀路5號
新北市,新店區,新店大坪林郵局,新北市新店區北新路3段116號
新北市,新店區,新店青潭郵局,新北市新店區郵政路1號
新北市,新店區,新店公崙郵局,新北市新店區安康路2段179號
新北市,新店區,新店檳榔路郵局,新北市新店區北新路1段273號
新北市,新店區,新店復興郵局,新北市新店區復興路30號
新北市,新店區,新店中央郵局,新北市新店區中央路232號
新北市,新店區,新店中正郵局,新北市新店區中正路253號
新北市,新店區,新店寶橋郵局,新北市新店區寶中路94-2號1樓
新北市,新店區,新店十四份郵局,新北市新店區安和路2段79號
新北市,新店區,新店永安郵局,新北市新店區安和路3段57號
新北市,新店區,新店雙城郵局,新北市新店區安康路3段47號
新北市,新店區,新店碧潭郵局,新北市新店區北宜路1段47號
新北市,新店區,新店屈尺郵局,新北市新店區屈尺路64號
新北市,新店區,新店水尾郵局,新北市新店區中正路493之5號
新北市,新店區,新店五峰郵局,新北市新店區中正路35號
新北市,新店區,新店中華路郵局,新北市新店區中華路74號
新北市,新店區,新店玫瑰城郵局,新北市新店區如意街112號
新北市,坪林區,坪林郵局,新北市坪林區坪林村水柳腳45號
新北市,烏來區,烏來郵局,新北市烏來區烏來村溫泉街69號
新北市,永和區,永和郵局,新北市永和區中興街1號
新北市,永和區,永和福和郵局,新北市永和區福和路154、156號
新北市,永和區,永和永貞郵局,新北市永和區永和市自由街53號
新北市,永和區,永和中正路郵局,新北市永和區中正路91號
新北市,永和區,永和秀朗郵局,新北市永和區永亨路178號
新北市,永和區,永和中山路郵局,新北市永和區中山路1段249、251號
新北市,永和區,永和永安郵局,新北市永和區安樂路270號
新北市,中和區,中和郵局,新北市中和區民樂路17號
新北市,中和區,中和泰和街郵局,新北市中和區泰和街6號
新北市,中和區,中和中山路郵局,新北市中和區中山路2段362號
新北市,中和區,中和南勢角郵局,新北市中和區景新街442號
新北市,中和區,中和連城路郵局,新北市中和區連城路192-1號
新北市,中和區,中和中正路郵局,新北市中和區中正路277號1樓
新北市,中和區,中和秀山郵局,新北市中和區自立路147號
新北市,中和區,中和民富街郵局,新北市中和區中山路3段110號
新北市,中和區,中和宜安郵局,新北市中和區宜安路99號
新北市,中和區,中和國光街郵局,新北市中和區國光街159號1樓
新北市,中和區,中和大華郵局,新北市中和區中興街132號
新北市,土城區,土城郵局,新北市土城區中央路2段160號
新北市,土城區,土城工業區郵局,新北市土城區三民路4號
新北市,土城區,土城清水郵局,新北市土城區青雲路228、230號
新北市,土城區,土城貨饒郵局,新北市土城區中央路1段240號
新北市,土城區,土城青雲郵局,新北市土城區青雲路138號(地方法院內)
新北市,土城區,土城平和郵局,新北市土城區金城路3段185號
新北市,土城區,土城學府郵局,新北市土城區裕民路179、181號
新北市,三峽區,三峽郵局,新北市三峽區民生街66號
新北市,三峽區,三峽大埔郵局,新北市三峽區中正路2段269號
新北市,三峽區,三峽中山郵局,新北市三峽區中山路11號
新北市,三峽區,三峽橫溪郵局,新北市三峽區介壽路3段47號
新北市,三峽區,台北大學郵局,新北市三峽區大學路151號
新北市,樹林區,樹林郵局,新北市樹林區保安街1段325號
新北市,樹林區,樹林山佳郵局,新北市樹林區佳園路1段28號
新北市,樹林區,樹林迴龍郵局,新北市樹林區中正路708號
新北市,樹林區,樹林鎮前街郵局,新北市樹林區鎮前街25號
新北市,樹林區,樹林育英街郵局,新北市樹林區育英街36號
新北市,樹林區,樹林柑園郵局,新北市樹林區佳園路3段47號
新北市,樹林區,樹林樹新路郵局,新北市樹林區樹新路229號
新北市,樹林區,樹林中正路郵局,新北市樹林區中正路248巷12號
新北市,樹林區,樹林大同郵局,新北市樹林區中華路134、136號
新北市,樹林區,樹林三多郵局,新北市樹林區三福街70巷1號
新北市,鶯歌區,鶯歌郵局,新北市鶯歌區中正一路47號
新北市,鶯歌區,鶯歌鳳鳴郵局,新北市鶯歌區鶯桃路2段11號
新北市,鶯歌區,鶯歌二橋郵局,新北市鶯歌區中正3路208之4號
新北市,鶯歌區,鶯歌永昌郵局,新北市鶯歌區鶯桃路104號
新北市,三重區,三重中山路郵局,新北市三重區中山路14號
新北市,三重區,三重正義郵局,新北市三重區正義南路10號
新北市,三重區,三重忠孝路郵局,新北市三重區忠孝路1段6之2號
新北市,三重區,三重二重埔郵局,新北市三重區光復路1段140號
新北市,三重區,三重溪尾街郵局,新北市三重區溪尾街112號
新北市,三重區,三重中興橋郵局,新北市三重區成功路52-2號
新北市,三重區,三重中正路郵局,新北市三重區中正北路278號
新北市,三重區,三重介壽路郵局,新北市三重區介壽路5號
新北市,三重區,三重永興郵局,新北市三重區重新路1段52號
新北市,三重區,三重五常郵局,新北市三重區仁義街168號
新北市,新莊區,新莊郵局,新北市新莊區中正路265號
新北市,新莊區,輔仁大學郵局,新北市新莊區中正路510號(輔仁大學內)
新北市,新莊區,新莊中港郵局,新北市新莊區復興路2段22號
新北市,新莊區,新莊昌盛郵局,新北市新莊區中華路2段160號
新北市,新莊區,新莊丹鳳郵局,新北市新莊區明志路15號
新北市,新莊區,新莊化成路郵局,新北市新莊區化成路87號
新北市,新莊區,新莊幸福郵局,新北市新莊區幸福路723號
新北市,新莊區,新莊西盛郵局,新北市新莊區新樹路457號
新北市,新莊區,新莊後港路郵局,新北市新莊區後港一路34、36號
新北市,新莊區,新莊思源路郵局,新北市新莊區思源路213號
新北市,新莊區,新莊新泰路郵局,新北市新莊區新泰路333號
新北市,新莊區,新莊龍鳳郵局,新北市新莊區中正路740-2號
新北市,新莊區,新莊五工郵局,新北市新莊區五工三路50巷2號
新北市,新莊區,新莊民安郵局,新北市新莊區民安西路85號
新北市,泰山區,泰山郵局,新北市泰山區楓江路10號
新北市,泰山區,明志科大郵局,新北市泰山區工專路84號(明志科技大學內)
新北市,泰山區,泰山南林郵局,新北市泰山區南林路101號
新北市,泰山區,泰山半山雅郵局,新北市泰山區半山雅90號
新北市,泰山區,泰山同榮郵局,新北市泰山區明志路1段510、512號
新北市,泰山區,泰山貴子路郵局,新北市泰山區明志路3段85號
新北市,林口區,林口中正路郵局,新北市林口區中正路115號
新北市,林口區,林口台師大郵局,新北市林口區仁愛路1段2號(國立台灣師範大學林口校區)
新北市,林口區,林口國宅郵局,新北市林口區麗園一街6巷1號1F之1
新北市,林口區,林口中湖頭郵局,新北市林口區林口路208號
新北市,林口區,林口郵局,新北市林口區文化二路1段8號
新北市,蘆洲區,蘆洲郵局,新北市蘆洲區中山一路161號
新北市,蘆洲區,蘆洲空大郵局,新北市蘆洲區中正路172號(國立空中大學內)
新北市,蘆洲區,蘆洲中山路郵局,新北市蘆洲區中山一路37號
新北市,蘆洲區,蘆洲光華路郵局,新北市蘆洲區光華路108號
新北市,蘆洲區,蘆洲中原路郵局,新北市蘆洲區長安街225號
新北市,蘆洲區,蘆洲民族路郵局,新北市蘆洲區民族路271號1樓
新北市,五股區,五股郵局,新北市五股區成泰路3段541號
新北市,五股區,五股褒仔寮郵局,新北市五股區中興路1段5號
新北市,五股區,五股中興路郵局,新北市五股區中興路4段48巷15號
新北市,五股區,五股德音郵局,新北市五股區成泰路1段77號
新北市,八里區,八里郵局,新北市八里區訊塘路13號
新北市,八里區,八里龍形郵局,新北市八里區龍形二街7號
新北市,淡水區,淡水郵局,新北市淡水區中正路203號
新北市,淡水區,淡江大學郵局,新北市淡水區英專路151號(淡江大學內)
新北市,淡水區,淡水竹圍郵局,新北市淡水區民權路75號
新北市,淡水區,淡水水碓郵局,新北市淡水區大忠街9、11號
新北市,淡水區,淡水中興郵局,新北市淡水區學府路29、31、33號
新北市,淡水區,淡水義山郵局,新北市淡水區淡金路3段209號
新北市,淡水區,淡水紅樹林郵局,新北市淡水區中正東路2段61號
新北市,三芝區,三芝郵局,新北市三芝區淡金路2段17號
新北市,石門區,石門郵局,新北市石門區中山路80號
台中市,中區,台中公園路郵局,台中市中區公園路4號
台中市,中區,台中民權路郵局,台中市中區民權路86號
台中市,中區,台中建國路郵局,台中市中區建國路141號
台中市,東區,台中力行路郵局,台中市東區力行路52巷5號
台中市,東區,台中旱溪郵局,台中市東區建成路356號
台中市,東區,台中大智郵局,台中市東區建成路676、678號
台中市,東區,台中進化路郵局,台中市東區進化路184、186號
台中市,南區,台中台中路郵局,台中市南區台中路100號
台中市,南區,台中南和路郵局,台中市南區南和路42、44號
台中市,南區,台中國光路郵局,台中市南區國光路297號
台中市,南區,台中福平里郵局,台中市南區復興路2段169號
台中市,南區,台中樹仔腳郵局,台中市南區復興路1段236號
台中市,南區,台中愛國街郵局,台中市南區愛國街87號
台中市,西區,台中大全街郵局,台中市西區大全街42、44、46號
台中市,西區,台中中正路郵局,台中市西區中正路451號
台中市,西區,台中公益路郵局,台中市西區公益路193號
台中市,西區,台中英才郵局,台中市西區民生路200號
台中市,西區,台中法院郵局,台中市西區自由路1段91號(法院內)
台中市,北區,台中育才郵局,台中市北區三民路3段140號
台中市,北區,台中五權路郵局,台中市北區五權路311、313號
台中市,北區,台中淡溝郵局,台中市北區民權路365號
台中市,北區,台中健行路郵局,台中市北區健行路190號
台中市,北區,台中漢口路郵局,台中市北區漢口路3段189號
台中市,北區,台中雙十路郵局,台中市北區雙十路2段119號
台中市,北屯區,台中水湳郵局,台中市北屯區四平路1號
台中市,北屯區,台中北屯郵局,台中市北屯區進化北路37-1號
台中市,北屯區,台中四張犁郵局,台中市北屯區四平路360號
台中市,北屯區,台中大坑口郵局,台中市北屯區東山路1段38-1號
台中市,北屯區,台中中清路郵局,台中市北屯區中清路108-2號
台中市,北屯區,台中軍功郵局,台中市北屯區軍福路1066、1068號
台中市,北屯區,台中文心路郵局,台中市北屯區文心路4段536號
台中市,北屯區,台中松竹郵局,台中市北屯區松竹北路110號
台中市,西屯區,東海大學郵局,台中市西屯區台中港路3段181號
台中市,西屯區,台中逢甲郵局,台中市西屯區河南路2段268號
台中市,西屯區,台中西屯郵局,台中市西屯區黎明路3段130號
台中市,西屯區,台中何厝郵局,台中市西屯區青海路1段83號
台中市,西屯區,台中工業區郵局,台中市西屯區工業區六路10號
台中市,西屯區,台中榮總郵局,台中市西屯區台中港路3段160號(台中榮總內)
台中市,西屯區,台中永安郵局,台中市西屯區永安里西屯路3段166-80號
台中市,西屯區,台中大隆路郵局,台中市西屯區大隆路60、62號
台中市,西屯區,台中福安郵局,台中市西屯區福順路318號
台中市,南屯區,台中南屯路郵局,台中市南屯區南屯路2段405號
台中市,南屯區,台中嶺東郵局,台中市南屯區建功路50號
台中市,南屯區,台中東興路郵局,台中市南屯區東興路2段186號
台中市,南屯區,台中黎明郵局,台中市南屯區博愛街80巷49號
台中市,南屯區,台中向上郵局,台中市南屯區向上路2段199號
台中市,太平區,太平長億郵局,台中市太平區長億一街53、55號
台中市,太平區,太平坪林郵局,台中市太平區中山路1段325、327號
台中市,太平區,太平竹仔坑郵局,台中市太平區光興路517、519號
台中市,太平區,太平郵局,台中市太平區中興東路25號
台中市,太平區,太平宜欣郵局,台中市太平區中山路4段27號
台中市,太平區,太平永豐路郵局,台中市太平區永豐路338號
台中市,大里區,大里仁化郵局,台中市大里區至善路30號
台中市,大里區,大里郵局,台中市大里區中興路2段520號
台中市,大里區,大里草湖郵局,台中市大里區中興路1段292-9號
台中市,大里區,大里大新街郵局,台中市大里區大新街34-1號
台中市,霧峰區,霧峰民生路郵局,台中市霧峰區民生路93號
台中市,霧峰區,霧峰郵局,台中市霧峰區中正路806號
台中市,烏日區,烏日郵局,台中市烏日區光日路123號
台中市,烏日區,烏日明道郵局,台中市烏日區中山路1段437、439號
台中市,烏日區,烏日溪壩郵局,台中市烏日區溪南路1段435、437號
台中市,豐原區,豐原中正路郵局,台中市豐原區中正路298號
台中市,豐原區,豐原中山路郵局,台中市豐原區大明路12號
台中市,豐原區,豐原三民路郵局,台中市豐原區三民路108號
台中市,豐原區,豐原南陽郵局,台中市豐原區圓環東路402號
台中市,豐原區,豐原翁子郵局,台中市豐原區豐勢路1段576、578號
台中市,豐原區,豐原博愛郵局,台中市豐原區博愛街112號
台中市,豐原區,豐原大湳郵局,台中市豐原區三豐路734號
台中市,豐原區,豐原水源郵局,台中市豐原區水源路594-2號
台中市,豐原區,豐原鐮村郵局,台中市豐原區鐮村路169號
台中市,后里區,后里郵局,台中市后里區公安路77號
台中市,后里區,后里義里郵局,台中市后里區甲后路193號
台中市,后里區,后里月眉郵局,台中市后里區甲后路843號
台中市,石岡區,石岡郵局,台中市石岡區石岡街86號
台中市,東勢區,東勢郵局,台中市東勢區中山路43號
台中市,東勢區,東勢中嵙口郵局,台中市東勢區豐勢路188、190號
台中市,和平區,和平谷關郵局,台中市和平區博愛村東關路1段106號
台中市,和平區,和平梨山郵局,台中市和平區梨山村中正路89號
台中市,和平區,和平郵局,台中市和平區南勢村東關路3段160-9號
台中市,新社區,新社中興嶺郵局,台中市新社區中興嶺173號
台中市,新社區,新社郵局,台中市新社區中和街5段1號
台中市,潭子區,潭子郵局,台中市潭子區潭興路3段42號
台中市,潭子區,潭子加工區郵局,台中市潭子區建國路4號之1
台中市,潭子區,潭子頭家厝郵局,台中市潭子區中山路1段25號
台中市,潭子區,潭子東寶郵局,台中市潭子區民族路1段8號
台中市,潭子區,潭子栗林郵局,台中市潭子區中山路3段334號
台中市,潭子區,潭子潭北郵局,台中市潭子區潭子街3段55號
台中市,大雅區,大雅清泉崗郵局,台中市大雅區忠義村仁愛路100號
台中市,大雅區,大雅郵局,台中市大雅區雅環路2段299號
台中市,大雅區,大雅馬岡厝郵局,台中市大雅區西寶村中正路162-12號
台中市,神岡區,神岡郵局,台中市神岡區神岡路4號
台中市,神岡區,神岡陽東郵局,台中市神岡區陽東營區勇六路
台中市,神岡區,神岡圳堵郵局,台中市神岡區神清路273號
台中市,神岡區,神岡社口郵局,台中市神岡區中山路611號
台中市,神岡區,神岡岸裡郵局,台中市神岡區中山路49號
台中市,神岡區,神岡豐洲郵局,台中市神岡區豐洲路359號
台中市,大肚區,大肚郵局,台中市大肚區沙田路2段666號
台中市,大肚區,大肚福山郵局,台中市大肚區沙田路1段564-5號
台中市,大肚區,大肚蔗郵局,台中市大肚區遊園路2段65、67號
台中市,沙鹿區,沙鹿郵局,台中市沙鹿區中山路341號
台中市,沙鹿區,沙鹿鹿寮郵局,台中市沙鹿區中山路584-1號
台中市,沙鹿區,靜宜大學郵局,台中市沙鹿區中棲路200號
台中市,龍井區,龍井郵局,台中市龍井區龍新路163號
台中市,龍井區,龍井新庄郵局,台中市龍井區遊園南路171號
台中市,龍井區,龍井茄投郵局,台中市龍井區舊車路101之2號
台中市,龍井區,龍井龍津郵局,台中市龍井區中央路1段246、248號
台中市,梧棲區,台中港郵局,台中市梧棲區四維路129號
台中市,梧棲區,梧棲郵局,台中市梧棲區梧棲路173號
台中市,梧棲區,梧棲臨港郵局,台中市梧棲區中棲路3段2號
台中市,梧棲區,梧棲大庄郵局,台中市梧棲區中央路1段921-2號
台中市,清水區,清水郵局,台中市清水區中山路124號
台中市,清水區,清水南社郵局,台中市清水區忠貞路39號
台中市,清水區,清水田寮郵局,台中市清水區高美路162-14號
台中市,大甲區,大甲郵局,台中市大甲區新政路1號
台中市,大甲區,大甲廟口郵局,台中市大甲區順天路159號
台中市,大甲區,大甲日南郵局,台中市大甲區中山路2段233號
台中市,大甲區,大甲幼獅郵局,台中市大甲區幼獅路45號
台中市,大甲區,大甲庄美郵局,台中市大甲區經國路768號
台中市,外埔區,外埔郵局,台中市外埔區甲后路333號
台中市,大安區,大安郵局,台中市大安區中山南路343號
台南市,中西區,台南水交社郵局,台南市中西區健康路1段260號
台南市,中西區,台南興華街郵局,台南市中西區興華街37號
台南市,中西區,台南中正路郵局,台南市中西區中正路42號
台南市,中西區,台南永樂郵局,台南市中西區民族路3段282號
台南市,中西區,台南友愛街郵局,台南市中西區友愛街318號
台南市,中西區,台南南門路郵局,台南市中西區南門路93號
台南市,中西區,台南普濟郵局,台南市中西區西門路2段366號
台南市,東區,成功大學郵局,台南市東區大學路1號（光復校區內）
台南市,東區,台南東城郵局,台南市東區府連路433、435號
台南市,東區,台南東門郵局,台南市東區東門路2段216號
台南市,東區,台南東寧路郵局,台南市東區東寧路323號
台南市,東區,台南小東郵局,台南市東區東和路45、47、49號
台南市,東區,台南德高厝郵局,台南市東區崇德路678號
台南市,東區,台南虎尾寮郵局,台南市東區富農街1段167號
台南市,南區,台南大同路郵局,台南市南區大同路2段410號
台南市,南區,台南新義郵局,台南市南區安平工業區新義路1號
台南市,南區,台南西門路郵局,台南市南區西門路1段681號
台南市,南區,台南鹽埕郵局,台南市南區金華路1段292號
台南市,南區,台南金華郵局,台南市南區健康路2段182號
台南市,南區,台南灣裡郵局,台南市南區灣裡路82號
台南市,北區,台南西華郵局,台南市北區公園路176-1號
台南市,北區,台南文元郵局,台南市北區文賢路365巷1號
台南市,北區,台南成功路郵局,台南市北區成功路6、8號
台南市,北區,台南北小北郵局,台南市北區西門路4段482號
台南市,北區,台南南小北郵局,台南市北區西門路3段214號
台南市,北區,台南大光郵局,台南市北區長榮路5段266號
台南市,北區,台南開元路郵局,台南市北區開元路162號
台南市,安平區,台南安平郵局,台南市安平區安北路149-1號
台南市,安平區,台南新南郵局,台南市安平區永華三街6號
台南市,安平區,台南地方法院郵局,台南市安平區健康路3段308號
台南市,安平區,台南育平郵局,台南市安平區育平路333號
台南市,安南區,台南和順郵局,台南市安南區安和路5段119號
台南市,安南區,台南安順郵局,台南市安南區安和路1段430號
台南市,安南區,台南安南郵局,台南市安南區安中路3段106號
台南市,安南區,台南海佃郵局,台南市安南區國安街8號
台南市,安南區,台南土城郵局,台南市安南區安中路6段712號
台南市,安南區,台南原佃郵局,台南市安南區怡安路2段462號
台南市,永康區,永康網寮郵局,台南市永康區小東路481、483號
台南市,永康區,永康郵局,台南市永康區中山路78號
台南市,永康區,永康六甲頂郵局,台南市永康區中正南路158號
台南市,永康區,永康二王郵局,台南市永康區中山南路363號
台南市,永康區,永康大灣郵局,台南市永康區民族路244號
台南市,永康區,永康鹽行郵局,台南市永康區中正北路79號
台南市,永康區,永康大橋郵局,台南市永康區中華路473號1F
台南市,永康區,永康崑山郵局,台南市永康區永大路2段3號
台南市,永康區,永康王行郵局,台南市永康區永康工業區環工路6號
台南市,歸仁區,歸仁郵局,台南市歸仁區中山路1段637號
台南市,歸仁區,歸仁南保郵局,台南市歸仁區文化街3段34號
台南市,新化區,新化郵局,台南市新化區和平街31巷10號1樓
台南市,新化區,新化中山路郵局,台南市新化區中山路320號
台南市,左鎮區,左鎮郵局,台南市左鎮區中正村15-3號
台南市,玉井區,玉井郵局,台南市玉井區中正路19號
台南市,楠西區,楠西郵局,台南市楠西區東勢路117號
台南市,楠西區,曾文水庫郵局,台南市楠西區密枝村70號(曾文水庫管理局內)
台南市,南化區,南化郵局,台南市南化區南化村115-11號
台南市,仁德區,仁德車路墘郵局,台南市仁德區中正路1段32號
台南市,仁德區,仁德太子郵局,台南市仁德區土庫路2號
台南市,仁德區,仁德二空郵局,台南市仁德區仁愛村79號
台南市,仁德區,仁德郵局,台南市仁德區中正路2段1118號
台南市,仁德區,仁德後壁厝郵局,台南市仁德區中正路2段417、419號
台南市,關廟區,關廟郵局,台南市關廟區中央路222號
台南市,關廟區,關廟文衡路郵局,台南市關廟區文衡路20號
台南市,龍崎區,龍崎郵局,台南市龍崎區崎頂村新市仔186號
台南市,官田區,官田新中郵局,台南市官田區渡頭村300號
台南市,官田區,官田隆田郵局,台南市官田區勝利路2號
台南市,官田區,官田營區郵局,台南市官田區官田村279號(營區內)
台南市,官田區,官田工業區郵局,台南市官田區二鎮村工業路23號(官田工業區內)
台南市,麻豆區,麻豆郵局,台南市麻豆區興國路25號
台南市,麻豆區,麻豆總爺郵局,台南市麻豆區南勢里106號
台南市,麻豆區,麻豆新生郵局,台南市麻豆區新生南路17號
台南市,佳里區,佳里郵局,台南市佳里區延平路375號
台南市,佳里區,佳里佳里興郵局,台南市佳里區興化里492-8號
台南市,佳里區,佳里中山路郵局,台南市佳里區中山路141號
台南市,西港區,西港郵局,台南市西港區中山路351號
台南市,七股區,七股郵局,台南市七股區大埕村296號
台南市,將軍區,將軍郵局,台南市將軍區西華村1-1號
台南市,學甲區,學甲郵局,台南市學甲區中正路318號
台南市,北門區,北門郵局,台南市北門區北門村舊埕91號
台南市,新營區,新營中山路郵局,台南市新營區中山路126號
台南市,新營區,新營新進路郵局,台南市新營區新進路316號
台南市,新營區,新營民治路郵局,台南市新營區民治路27-13號
台南市,新營區,新營民生郵局,台南市新營區三民路180-3號
台南市,新營區,新營太子宮郵局,台南市新營區太北里9-5號
台南市,後壁區,後壁郵局,台南市後壁區後壁村1-15號
台南市,後壁區,後壁菁寮郵局,台南市後壁區菁寮村79-1號
台南市,後壁區,後壁安溪寮郵局,台南市後壁區福安村下寮102-16號
台南市,白河區,白河郵局,台南市白河區三民路410號
台南市,白河區,白河內角郵局,台南市白河區內角里24-1號
台南市,白河區,白河仙草埔郵局,台南市白河區仙草里仙草63-1號
台南市,東山區,東山郵局,台南市東山區東中村新東路1段18號
台南市,東山區,東山東原郵局,台南市東山區東原村170號
台南市,六甲區,六甲郵局,台南市六甲區民生街2號
台南市,下營區,下營郵局,台南市下營區慈惠街129號
台南市,下營區,下營中營郵局,台南市下營區中營村893號
台南市,柳營區,柳營郵局,台南市柳營區士林村柳營路1段745號
台南市,柳營區,柳營重溪郵局,台南市柳營區重溪村12-4號
台南市,鹽水區,鹽水郵局,台南市鹽水區中山路6號
台南市,鹽水區,鹽水茄苳腳郵局,台南市鹽水區忠孝路70號
台南市,善化區,善化郵局,台南市善化區中正路332號
台南市,善化區,善化成功郵局,台南市善化區成功路41號
台南市,善化區,善化溪美郵局,台南市善化區溪美里204號
台南市,善化區,善化亞蔬郵局,台南市善化區文昌里益民寮60號(亞蔬中心內)
台南市,善化區,善化中山路郵局,台南市善化區中山路371號
台南市,大內區,大內郵局,台南市大內區大內村7-2號
台南市,山上區,山上郵局,台南市山上區山上村250號
台南市,新市區,新市郵局,台南市新市區仁愛街217號
台南市,新市區,新市南科園區郵局,台南市新市區南科六路6號
台南市,安定區,安定郵局,台南市安定區保西村449號
高雄市,新興區,新興郵局,高雄市新興區中正三路177、179號
高雄市,新興區,高雄青年郵局,高雄市新興區復興二路171號
高雄市,新興區,高雄順昌郵局,高雄市新興區七賢一路104、106號
高雄市,新興區,高雄新田郵局,高雄市新興區新田路133號
高雄市,前金區,前金郵局,高雄市前金區中正四路182號
高雄市,前金區,高雄社東郵局,高雄市前金區自強二路104之1號
高雄市,前金區,高雄地方法院郵局,高雄市前金區市中一路171號(高雄地院內)
高雄市,苓雅區,苓雅郵局,高雄市苓雅區成奶@路134號
高雄市,苓雅區,高雄市府郵局,高雄市苓雅區四維三路2號(市政大樓1樓)
高雄市,苓雅區,高雄師大郵局,高雄市苓雅區和平一路116號(高雄師範大學內)
高雄市,苓雅區,高雄五塊厝郵局,高雄市苓雅區三多一路237號
高雄市,苓雅區,高雄正言郵局,高雄市苓雅區中正一路322、324號
高雄市,苓雅區,高雄林華郵局,高雄市苓雅區三多二路249號
高雄市,苓雅區,高雄武廟郵局,高雄市苓雅區武廟路83號
高雄市,苓雅區,高雄文化中心郵局,高雄市苓雅區光華一路148-30號
高雄市,鹽埕區,高雄新樂郵局,高雄市鹽埕區建國四路154號
高雄市,鹽埕區,鹽埕郵局,高雄市鹽埕區五福四路133號
高雄市,鹽埕區,高雄府北郵局,高雄市鹽埕區七賢二路470號
高雄市,鼓山區,高雄蓬萊路郵局,高雄市鼓山區蓬萊路26號(高雄港警所內)
高雄市,鼓山區,鼓山郵局,高雄市鼓山區臨海二路17號
高雄市,鼓山區,高雄內惟郵局,高雄市鼓山區九如四路1020、1022號
高雄市,鼓山區,高雄鼓岩郵局,高雄市鼓山區鼓山二路166-12、13號
高雄市,鼓山區,高雄前峰郵局,高雄市鼓山區九如四路2008、2010號
高雄市,鼓山區,中山大學郵局,高雄市鼓山區蓮海路70號(西子灣國立中山大學內)
高雄市,鼓山區,高雄民強郵局,高雄市鼓山區九如四路636、638號
高雄市,鼓山區,高雄瑞豐郵局,高雄市鼓山區中華一路316之3號
高雄市,鼓山區,高雄高分院郵局,高雄市鼓山區明誠三路586號(高等法院高雄分院內)
高雄市,鼓山區,高雄凹仔底郵局,高雄市鼓山區文忠路100號
高雄市,旗津區,旗津郵局,高雄市旗津區中洲三路817號
高雄市,旗津區,高雄中洲郵局,高雄市旗津區旗津二路243號
高雄市,前鎮區,前鎮郵局,高雄市前鎮區前鎮街92號
高雄市,前鎮區,高雄廣澤郵局,高雄市前鎮區三多三路139號
高雄市,前鎮區,前鎮加工區郵局,高雄市前鎮區中四路1號(前鎮加工區內)
高雄市,前鎮區,高雄西甲郵局,高雄市前鎮區復興三路94號
高雄市,前鎮區,高雄草衙郵局,高雄市前鎮區草衙一路78、80號
高雄市,前鎮區,高雄籬仔內郵局,高雄市前鎮區瑞隆路482號
高雄市,前鎮區,高雄金福路郵局,高雄市前鎮區金福路20號
高雄市,前鎮區,高雄英德街郵局,高雄市前鎮區英德街149號
高雄市,前鎮區,高雄崗山仔郵局,高雄市前鎮區瑞北路39號
高雄市,前鎮區,高雄君毅郵局,高雄市前鎮區中華五路963號
高雄市,三民區,高雄站前郵局,高雄市三民區建國三路2-2號
高雄市,三民區,高雄德智郵局,高雄市三民區熱河一街84、86號
高雄市,三民區,高雄三塊厝郵局,高雄市三民區中華三路270號
高雄市,三民區,高雄灣仔內郵局,高雄市三民區建工路679、681號
高雄市,三民區,高雄九如二路郵局,高雄市三民區九如二路661、663號
高雄市,三民區,高雄民族社區郵局,高雄市三民區九如一路952號
高雄市,三民區,高雄站後郵局,高雄市三民區博愛一路28號
高雄市,三民區,高雄大順郵局,高雄市三民區大順二路207號
高雄市,三民區,高雄建工郵局,高雄市三民區大昌二路517號
高雄市,三民區,高雄博愛路郵局,高雄市三民區博愛一路372號1樓
高雄市,三民區,高雄鼎泰郵局,高雄市三民區民族一路519號
高雄市,三民區,高雄民壯郵局,高雄市三民區民壯路16、18、20、22號
高雄市,三民區,高雄大昌郵局,高雄市三民區大昌一路258號
高雄市,三民區,高雄義民郵局,高雄市三民區大豐二路203號
高雄市,三民區,高雄醫學大學郵局,高雄市三民區十全一路100號(高雄醫學大學內)
高雄市,三民區,高雄鼎金郵局,高雄市三民區鼎強街264、266號
高雄市,三民區,高雄本揚郵局,高雄市三民區澄和路65號
高雄市,三民區,高雄中都郵局,高雄市三民區力行路89、91號
高雄市,楠梓區,楠梓郵局,高雄市楠梓區楠梓新路247號
高雄市,楠梓區,楠梓煉油廠郵局,高雄市楠梓區後昌路510號
高雄市,楠梓區,楠梓加工區郵局,高雄市楠梓區加昌路600-15號(楠梓加工出口區內)
高雄市,楠梓區,楠梓右昌郵局,高雄市楠梓區右昌街347號
高雄市,楠梓區,海軍官校郵局,高雄市楠梓區軍校路669號
高雄市,楠梓區,楠梓後勁郵局,高雄市楠梓區後昌路128號
高雄市,楠梓區,楠梓亞洲城郵局,高雄市楠梓區壽民路222號
高雄市,楠梓區,楠梓建楠郵局,高雄市楠梓區建楠路3號
高雄市,楠梓區,高雄高等行政法院郵局,高雄市楠梓區興楠路180號
高雄市,楠梓區,楠梓翠屏郵局,高雄市楠梓區德祥路129、131號
高雄市,小港區,小港郵局,高雄市小港區小港一街1號
高雄市,小港區,小港機場郵局,高雄市小港區中山四路2號(小港國際機場內)
高雄市,小港區,高雄大林蒲郵局,高雄市小港區鳳林路82號
高雄市,小港區,高雄中鋼郵局,高雄市小港區中鋼路1號〈中鋼公司福利社內〉
高雄市,小港區,高雄中船郵局,高雄市小港區中鋼路3號(中船公司內)
高雄市,小港區,高雄二苓郵局,高雄市小港區中山四路7、9、11號
高雄市,小港區,高雄高松郵局,高雄市小港區高鳳路33-3、4號
高雄市,小港區,高雄康莊郵局,高雄市小港區康莊路67號
高雄市,小港區,高雄中林子郵局,高雄市小港區中智街1號
高雄市,小港區,高雄桂林郵局,高雄市小港區桂華街130號
高雄市,左營區,左營郵局,高雄市左營區實踐路43號
高雄市,左營區,左營南站郵局,高雄市左營區左營大路75號
高雄市,左營區,左營果貿郵局,高雄市左營區翠峰路2號
高雄市,左營區,左營軍港郵局,高雄市左營區艦隊休服中心四海樓
高雄市,左營區,左營新訓中心郵局,高雄市左營區左營海軍新兵訓練中心
高雄市,左營區,左營新莊仔郵局,高雄市左營區富民路356號
高雄市,左營區,左營榮總郵局,高雄市左營區大中一路386號(榮總高雄分院內)
高雄市,左營區,左營菜公郵局,高雄市左營區博愛三路520、522、524、526號
高雄市,左營區,左營福山郵局,高雄市左營區華夏路1708號
高雄市,左營區,高雄郵件中心郵局,高雄市左營區民族一路853號
高雄市,仁武區,仁武台塑郵局,高雄市仁武區水管路100-1號
高雄市,仁武區,仁武郵局,高雄市仁武區仁武村中正路115號
高雄市,仁武區,仁武仁雄郵局,高雄市仁武區仁和村仁忠路79、81號
高雄市,大社區,大社郵局,高雄市大社區自強街9號
高雄市,岡山區,岡山郵局,高雄市岡山區民有路68號
高雄市,岡山區,空軍通校郵局,高雄市岡山區介壽西路198號〈空軍航空技術學院內〉
高雄市,岡山區,空軍官校郵局,高雄市岡山區介壽西路首1號(空軍官校內)
高雄市,岡山區,空軍機校郵局,高雄市岡山區巨輪路1號〈空軍航空技術學院內〉
高雄市,岡山區,岡山平和路郵局,高雄市岡山區平和路65號
高雄市,岡山區,岡山仁壽路郵局,高雄市岡山區仁壽路215號
高雄市,岡山區,岡山五甲尾郵局,高雄市岡山區嘉興路255號
高雄市,岡山區,岡山大仁郵局,高雄市岡山區大仁路89號
高雄市,路竹區,路竹郵局,高雄市路竹區中興路11號
高雄市,路竹區,路竹竹南郵局,高雄市路竹區中山路1097號
高雄市,路竹區,路竹一甲郵局,高雄市路竹區大智路60號
高雄市,阿蓮區,阿蓮郵局,高雄市阿蓮區清蓮村民生路101號
高雄市,田寮區,田寮郵局,高雄市田寮區南安村崗北路61號
高雄市,燕巢區,燕巢義大醫院郵局,高雄市燕巢區義大路1號
高雄市,燕巢區,燕巢郵局,高雄市燕巢區南燕村中民路621號
高雄市,燕巢區,燕巢鳳山厝郵局,高雄市燕巢區鳳雄村鳳旗路39號
高雄市,橋頭區,橋頭郵局,高雄市橋頭區橋頭村橋頭路113號
高雄市,梓官區,梓官郵局,高雄市梓官區梓義村中崙路260號
高雄市,梓官區,梓官蚵子寮郵局,高雄市梓官區赤東村赤崁南路14號
高雄市,彌陀區,彌陀郵局,高雄市彌陀區彌陀村中正路7號
高雄市,永安區,永安郵局,高雄市永安區永華村永華路15號
高雄市,永安區,永安竹仔港郵局,高雄市永安區永工二路1號(永安工業區內)
高雄市,湖內區,湖內郵局,高雄市湖內區中正路2段13號
高雄市,湖內區,湖內大湖郵局,高雄市湖內區大湖村民權路243號
高雄市,鳳山區,鳳山中山東路郵局,高雄市鳳山區中山東路86-2號
高雄市,鳳山區,陸軍官校郵局,高雄市鳳山區維武路1號(陸軍官校內)
高雄市,鳳山區,澄清湖郵局,高雄市鳳山區青年路2段634、636號
高雄市,鳳山區,鳳山縣府郵局,高雄市鳳山區光復路2段132號(高雄縣政府內)
高雄市,鳳山區,鳳山文山郵局,高雄市鳳山區文衡路236號
高雄市,鳳山區,鳳山中山路郵局,高雄市鳳山區大東一路122、124號
高雄市,鳳山區,鳳山五甲郵局,高雄市鳳山區五甲三路45號
高雄市,鳳山區,鳳山工協郵局,高雄市鳳山區勝利路50號
高雄市,鳳山區,鳳山一甲郵局,高雄市鳳山區五甲二路87、89、91號
高雄市,鳳山區,鳳山鳳松路郵局,高雄市鳳山區鳳松路11號
高雄市,鳳山區,鳳山新甲郵局,高雄市鳳山區大明路39、41號
高雄市,鳳山區,鳳山新富郵局,高雄市鳳山區新富路391號
高雄市,鳳山區,鳳山三民路郵局,高雄市鳳山區三民路289號
高雄市,鳳山區,鳳山中崙郵局,高雄市鳳山區中崙路576號
高雄市,鳳山區,鳳山過埤郵局,高雄市鳳山區過埤路114號
高雄市,鳳山區,鳳山鎮北郵局,高雄市鳳山區經武路166、168號
高雄市,大寮區,大寮郵局,高雄市大寮區永芳村鳳林三路530號
高雄市,大寮區,大寮中庄郵局,高雄市大寮區鳳屏一路370、372號
高雄市,大寮區,大寮中興郵局,高雄市大寮區中正路3之15、16、17號
高雄市,大寮區,大寮大發郵局,高雄市大寮區大寮路767號
高雄市,林園區,林園郵局,高雄市林園區東林村鳳林路1段176號
高雄市,林園區,林園三庄郵局,高雄市林園區林內村林內路153號
高雄市,林園區,林園福興郵局,高雄市林園區頂厝村福興街104號
高雄市,鳥松區,鳥松郵局,高雄市鳥松區中正路311號
高雄市,鳥松區,鳥松仁美郵局,高雄市鳥松區學堂路89號
高雄市,鳥松區,鳥松長庚醫院郵局,高雄市鳥松區鳥松村大埤路125號(長庚兒童醫院內)
高雄市,大樹區,義守大學郵局,高雄市大樹區學城路1段1號
高雄市,大樹區,大樹九曲堂郵局,高雄市大樹區久堂村中興街143號
高雄市,大樹區,大樹郵局,高雄市大樹區檨腳村中興西路40號
高雄市,旗山區,旗山郵局,高雄市旗山區延平一路690號
高雄市,旗山區,旗山旗尾郵局,高雄市旗山區延平二路8、10號
高雄市,旗山區,旗山大洲郵局,高雄市旗山區旗南二路192-1號
高雄市,旗山區,旗山圓潭郵局,高雄市旗山區旗甲路2段354號
高雄市,旗山區,旗山四保郵局,高雄市旗山區中山路242號
高雄市,美濃區,美濃郵局,高雄市美濃區中正路1段39號
高雄市,美濃區,美濃中壇郵局,高雄市美濃區中興路1段788號
高雄市,六龜區,六龜郵局,高雄市六龜區義寶村光復路173號
高雄市,六龜區,六龜寶來郵局,高雄市六龜區寶來街18-1號
高雄市,內門區,內門郵局,高雄市內門區內豐村內埔121號
高雄市,杉林區,杉林郵局,高雄市杉林區上平村山仙路26號
高雄市,甲仙區,甲仙郵局,高雄市甲仙區林森路44號
高雄市,桃源區,桃源郵局,高雄市桃源區桃源村南進巷182號
高雄市,那瑪夏區,那瑪夏郵局,高雄市那瑪夏區南沙魯村鞍山巷9號
高雄市,茂林區,茂林郵局,高雄市茂林區茂林村8-3號
高雄市,茄萣區,茄萣郵局,高雄市茄萣區進學路158號
